raw_line,label,Rationale
# 18_07_25 Limbs B,,
(1 rep reduced from last week),,
(1 sec hold on top),,
(4 KG increase from last month),,
(Barbell),,
(Cable),,
(Curls as machine was faulty last time done this),,
(Current BW Weight: 74.46 kg),,
(Drop Set),,
(Dropped weight from 150 to 140),,
(Machine),,
(Neutral Grip),,
(Note increase weight),,
(Note this Machine is easy switch workout next time for BSS),,
(Note: Form Wrong Butt have to stay in contact with bench),,
(Note: Stick with 40kg untill no pain in scapula),,
(Note: stick with this weight until easy as form is not perfect),,
(Note: switch with declined Crunches Next time),,
(Nuteral grip),,
(Only plate weight),,
(Plate weight only),,
(Reps drop from 7 reps),,
(Smith Machine),,
(Switch to normal don't like this),,
(Total weight including bar 20kg),,
(V - Bar),,
(V - Bar) (Drop Set),,
(V-Bar),,
(V-bar),,
(Wide feet),,
(Wide grip),,
"(back of the foot ket raising while sitting down, controlled as much as possible)",,
(cable),,
(can't even lift 110 without straps),,
(doing after a long time so stick with low weight),,
(done with deadhangs),,
(due to low volume because of pull ups,,
(felt little on triceps),,
(form is off),,
(form not perfect but good),,
(form not perfect),,
(good MMC at 30kg),,
(harder than last time),,
(last time done 6 reps),,
(last week done 40kg for 8 reps),,
(learning),,
(leg extension machine fault),,
(machine fault change workout),,
(machine fault),,
(no rest in this SS),,
(note add warmup set),,
(note stick with 54kg),,
(plate weight only),,
(skipped machine fault),,
(stuck in BW × 5 reps for months),,
(total weight including bar 10kg),,
(total weight including bar),,
(total weight including barbell),,
(total weight),,
(used plate at heels so form good),,
(wide feet),,
(wide grip),,
(without bar weight 10kg),,
(without bar weight),,
**Cool-down (5 minutes):**,,
**Cool-down:**,,
**Dynamic Warm-up (5-7 minutes):**,,
**Dynamic Warm-up :**,,
+ 30 kg × 5 reps (f),,
- Barbell Back Squats,,
- Barbell Back Squats (4-6 reps),,
- Barbell Back Squats (5-8 reps),,
- Barbell Bench Press,,
- Barbell Bench Press (4-6 reps),,
- Barbell Bench Press (5-8 reps),,
- Barbell Bent-over Rows (5-8 reps),,
- Barbell Bent-over Rows (6-8 reps),,
- Barbell Curls (5-8 Reps),,
- Barbell Curls (8-10 reps),,
- Barbell Good mornings (5-8 reps),,
- Barbell Hammer Curl (5-8 Reps),,
- Barbell Overhead Press (5-8 reps),,
- Barbell RDL (5-8 reps),,
- Barbell RDL (8-12 reps),,
- Barbell Rows,,
- Barbell Shrugs (5-8 reps),,
- Barbell Squats (5-8 reps),,
- Bench Press (5-8 reps),,
- Bulgarian Split Squats,,
- Bulgarian Split Squats (5-8 reps),,
- Bulgarian Split Squats (8-10 reps),,
- Cable Crunches,,
- Cable Curls,,
- Cable Curls (5-8 reps),,
- Cable Curls (8-10 reps),,
- Cable Kickback (8-12 reps),,
- Cable Lateral Raises,,
- Cable Lateral Raises  (5-8 Reps),,
- Cable Lateral Raises (5-8 reps),,
- Cable Lateral raises,,
- Cable Lateral raises (8-10 reps),,
- Cable Pushdowns (5-8 reps),,
- Cable Seated Rows,,
- Cable Triceps Kickback (5-8 reps),,
- Cable Triceps Kickback (8-12 reps),,
- Cable Triceps Pushdown (8-10 reps),,
- Cable tricep Kickback (8-12 reps),,
- Chest Pec Dec,,
- Chest Pec Dec (5-8 reps),,
- Chest Supported DB Row,,
- Chest pec dec,,
- DB Bench Press (5-8 reps),,
- DB Bench Press (8-10 reps),,
- DB Front Wrist Curls (5-8 reps),,
- DB Hammer Curls (8-10 reps),,
- DB Incline Press,,
- DB Lateral Raises,,
- DB Lateral Raises (10-12 reps),,
- DB Lateral Raises (10-15 reps),,
- DB Lateral Raises (8 - 15 reps),,
- DB Lateral Raises (8-12 reps),,
- DB Lateral Raises (8-15 reps),,
- DB Preacher Curls (5-8 reps),,
- DB Preacher Curls (8-15 reps),,
- DB RDL,,
- DB RDL (8-10 reps),,
- DB RDL (8-12 reps),,
- DB Reverse Wrist Curls (5-8 reps),,
- DB Shrugs,,
- DB Shrugs (5-8 reps),,
- DB Shrugs (8-10 reps),,
- DB Shrugs (instead of Lu raises),,
- DB lateral Raises,,
- Dead Hangs,,
- Dead Hangs (Skipped),,
- Dead hang,,
- Dead hangs,,
- Deadlift (3-5 reps),,
- Deadlift (4-6 reps),,
- Deadlift (5-8 reps),,
- Deadlifts,,
- Deadlifts (4-6 reps),,
- Declined Crunches,,
- Declined Crunches (10-15 reps),,
- EZ Bar Curls,,
- EZ Bar Spider Curls (5-8 reps),,
- EZ Skull Crusher (5-8 Reps),,
- EZ Skull Crushers,,
- EZ Skull Crushers (6-10 reps),,
- EZ Skull Crushers (8-10 reps),,
- Elbow Supported Leg Raises,,
- Elbow Supported Leg Rises,,
- Elbow Supported Leg raises,,
- Face Pulls  (10-12 reps),,
- Face Pulls  (5-8 reps),,
- Face Pulls (8-10 reps),,
- Farmer Carry DB (skipped),,
- Finger Push Ups,,
- Front Squats (5-8 reps),,
- Front Squats (6-8 reps),,
- Front Wrist Curl (10-20 reps),,
- Front Wrist Curl (5-8 reps),,
- Front Wrist Curls,,
- Front Wrist Curls (10-12 reps),,
- Front Wrist Curls (10-20 reps),,
- Front Wrist Curls (5-8 reps),,
- Goblet Squats (5-8 reps),,
- Good Mornings (8-10 Reps),,
- Good Mornings (8-12 Reps),,
- Hack Squats (Machine),,
- Hammer curls,,
- Hanging Knee Raises,,
- Hanging Knee Raises (20 reps),,
- Hanging Knee Rises,,
- Hanging KneeRaises (20 reps),,
- Hanging knee Raises (20 reps),,
- Hanging knee raises,,
- Incline Barbell Bench Press  (6-8 reps),,
- Incline Barbell Bench Press(8-10 reps),,
- Incline Barbell Press,,
- Incline Bench Press  (5-8 reps),,
- Incline DB Lateral Raises,,
- Incline DB Press,,
- Incline DB Press (8-10 reps),,
- Incline DB Press (8-12 reps),,
- Incline DB Reverse Flys(10-12 reps),,
- Incline Reverse DB Flies (10-12 reps),,
- Incline Smith Bench Press  (5-8 reps),,
- Incline Smith Bench Press  (6-8 reps),,
- Inclined Barbell Press,,
- L Sit,,
- Lat Pulldown (4-6 reps),,
- Lat Pulldown (5-8 reps),,
- Lat Pulldown (6-8 reps),,
- Lat Pulldown (6-8 reps) (Wide),,
- Lat Pulldown (Nuteral Grip),,
- Lat Pulldown (Wide Grip),,
- Lat pulldown,,
- Lat pulldown (4-6 reps),,
- Lat pulldown (wide grip),,
- Leg Compression Lifts,,
- Leg Compression Lifts (L-sit),,
- Leg Extension (5-8 reps),,
- Leg Press,,
- Leg Press (5-8 reps),,
- Leg Press (8-10 reps),,
- Lunges (10 - 12 reps),,
- Lunges(8-10 reps),,
- Lying Hamstring Curls,,
- Lying Hamstring Curls (5-8 reps),,
- Lying Hamstring Curls (8-10 reps),,
- Lying Hamstring curls,,
- Over Head Press,,
- Over head Cable Tricep Extensions,,
- Overhead Cable Extensions (8-10 reps),,
- Overhead Cable Triceps Extensions (5-8 reps),,
- Overhead Cable Triceps Extensions (8-10 reps),,
- Overhead Extension Cable,,
- Overhead Press (6-8 reps),,
- Overhead Triceps Extensions,,
- Plank,,
- Preacher Curls,,
- Preacher Curls (5-8 Reps),,
- Preacher Curls (5-8 reps),,
- Preacher Curls (8-10 reps),,
- Pull-Ups,,
- Pull-ups (5-8 reps),,
- Pull-ups (6-8 reps),,
- Pullups,,
- Pullups (AMRAP),,
- Push Ups,,
- Push Ups (AMRAP),,
- Reverse Curls (5-8 reps),,
- Reverse Curls cable,,
- Reverse EZ Bar Curls,,
- Reverse EZ Bar Curls (8-10 reps),,
- Reverse Pec Dec,,
- Reverse Pec Dec (10-12 reps),,
- Reverse Pec Dec (5-8 reps),,
- Reverse Pec Dec (8-10 reps),,
- Reverse Wrist Curls,,
- Reverse Wrist Curls (5-8 reps),,
- Reverse pec dec,,
- Rope Hammer Curls (5-8 reps),,
- Seated Barbell OHP,,
- Seated Barbell OHP (4-6 reps),,
- Seated Barbell OHP (6-8 reps),,
- Seated Cable Row (5-8 reps),,
- Seated Cable Row (8-10 reps),,
- Seated Cable Rows (8-10 reps),,
- Seated Calf Raises,,
- Seated Calf Raises (10-15 reps),,
- Seated Calf Raises (10-20 reps),,
- Seated Calf Raises (5-8 reps),,
- Seated Calf Raises (8-10 reps),,
- Seated Calf raise (10-15 reps),,
- Seated DB Overhead Press,,
- Seated DB Overhead Press (5-8 reps),,
- Seated DB Press (8-15 Reps),,
- Seated DB Reverse Flys (10-12 reps),,
- Seated DB Shoulder Press (5-8 reps),,
- Seated Leg Extension,,
- Seated Leg Extension (8-10 reps),,
- Seated Reverse Flys (10-12 reps),,
- Seated Row,,
- Side Planks,,
- Single Arm Reverse Pec Dec (5-8 reps),,
- Single Arm Reverse pec dec (5-8 Reps),,
- Standing Calf Raises (Smith),,
- Standing Calf raise (8-10 reps),,
- Standing Overhead Press (5-8 reps),,
- Stright Arm Cable Pull over,,
- T-bar Rows,,
- Trap-Bar Shrugs (5-8 reps),,
- Triceps Cable Push Down (5-8 Reps),,
- Triceps Dips,,
- Triceps Dips (8-10 reps),,
- Triceps Pushdown,,
- Weighted Chinups (5-8 reps),,
- Weighted Dips (5-8 reps),,
- Weighted Pull-ups (5-8 reps),,
- Weighted Triceps Dips (5-8 reps),,
- Weighted Triceps Dips (6-8 reps),,
- Wrist Curls (10-20 Reps),,
- front wrist curls,,
- reverse wrist curls,,
---,,
01_09_25 Upper A,,
02_08_25 Upper C,,
02_09_25 Lower B,,
03-11-25 Upper A,,
03_09_25 Upper C,,
04-11-25 Lower  B,,
05_08_25 Upper A,,
06-10-25 Upper A,,
06-11-25 Upper C,,
06_08_25 Lower  B,,
07-10-25 Lower  B,,
07-11-25 Lower D,,
08-11-25 Sharms,,
08_08_25 Upper C,,
08_09_25 Lower D,,
09-10-25 Upper C,,
09_08_25 Full Body D,,
09_09_25 Upper A,,
1-2 months or MMC,,
1. Arm Circles (Fwd & Bwd),,
1. Dead Hands (30 sec),,
1. Dead Hands (38 sec ),,
1. Dead Hands (40 sec),,
1. Dead Hangs (28 sec),,
1. Dead Hangs (36 sec),,
1. Dead Hangs (54 sec),,
1. EZ Bar curls,,
1. Hammer curls,,
1. Overhead Cable extension,,
1. Quadriceps Stretch (Standing or Lying),,
1. Seated leg extension,,
1. Shoulder Capsule Stretch (Cross-Body),,
1. Spiderman Lunge with Thoracic Twist,,
1. Triceps Pushdown,,
10-10-25 Lower D,,
10-11-25 Upper A,,
10. Plank,,
10_07_25 Torso A,,
10_09_25 Lower  B,,
11-11-25 Lower  B,,
11. hanging leg rises,,
12_07_25 Limbs A,,
12_08_25 Upper A,,
12_09_25 Upper C,,
13-10-25 Upper A,,
13-11-25 Upper C,,
13_08_25 Lower  B,,
13_09_25 Lower D,,
14-10-25 Lower  B,,
14_07_25 Torso A,,
14_08_25 Upper C,,
15-10-25 Upper C,,
15_07_25 Limb A,,
16-09-25 Upper A,,
16-10-25 Lower D,,
17-09-25 Lower  B,,
17-10-25 Sharms,,
17/07/25 Torso B,,
18-09-25 Upper C,,
18_08_25 Lower D,,
19-11-25 Full Body,,
19_08_25 Upper A,,
2. Bodyweight Good Mornings,,
2. Glute Bridges,,
2. Pigeon Stretch  (Glutes/Hips),,
2. Quadriceps Stretch (Standing or Lying),,
2. Scapular Pull-ups (Dead Hang Shrugs),,
2. Shoulder Capsule Stretch (Cross-Body),,
2. Wrist Flexor Stretch,,
2. pegion stretch,,
20-09-25 Lower D,,
20_08_25 Lower  B,,
21_07_25 Torso A,,
22-09-25 Upper A,,
22-10-25 Upper A,,
22_07_25 Limbs A,,
22_08_25 Upper C,,
23-09-25 Lower  B,,
23-10-25 Lower  B,,
23_07_25 Torso B,,
23_08_25 Lower D,,
24-10-25 Upper C,,
24_07_25 Limbs B,,
25-09-25 Upper C,,
25-10-25 Lower D,,
26-09-25 Lower D,,
26_08_25 Upper A,,
27-10-25 Upper A,,
27-11-25 Upper A,,
28-10-25 Lower  B,,
28-11-25 Lower  B,,
28_08_25 Lower  B,,
29-09-25 Upper A,,
29-10-25 Upper C,,
29_07_25 Upper A,,
29_08_25 Upper C,,
3. 90/90 hip switch,,
3. Bodyweight Good Mornings,,
3. Cat-Cow Stretch,,
3. Pigeon Stretch  (Glutes/Hips),,
3. Wrist Flexor Stretch,,
30-10-25 Lower D,,
30_07_25 Lower  B,,
30_08_25 Lower D,,
5.Barbell back squats,,
6 Kg × 7 + 5 kg × 8 Reps,,
6. Lunges,,
7. Lying Hamstring Curls,,
9. Seated Calf Raises,,
Added,,
Arm Circles (Fwd & Bwd),,
Arms:,,
Back:,,
Band Pull-Aparts,,
Barbell Good Mornings,,
Bodyweight Squats (focus on depth and bracing),,
Calf Stretch,,
Chest:,,
Cool Down Stretch:,,
Cool-down:,,
Cooldown:,,
Core:,,
Dead hangs (34 sec),,
Dead hangs (35 sec),,
Dead hangs (42 sec),,
Dead hangs (60 sec),,
Dynamic Warm-up:,,
Forearms:,,
Hamstring Stretch,,
Hip flexor Stretch,,
Kneeling Hip Flexor Stretch,,
Leg Press (Skipped),,
Leg Swings (Forward & Backward),,
Leg Swings (Side to Side),,
Legs:,,
Limbs A (Quad focused),,
Limbs A (Quard focused),,
Limbs B (Hamstring and Quads),,
Lying Hamstring (8-10 reps),,
Note increase weight to 60kg for 6 reps,,
Pegion stretch,,
Plank (Skipped),,
Recovery Week,,
S1:,,
S1:   BW  ×  10 Reps (f),,
S1:   Kg ×   Sec,,
S1:   Sec,,
S1:  10 reps (f),,
S1:  11 reps (f),,
S1:  12 reps,,
S1:  15  Kg × 10 Reps (ctf),,
S1:  15 Kg × 7 Reps (f),,
S1:  24 Kg × 12 Reps (not f),,
S1:  26 Kg × 10 Reps (f),,
S1:  3 reps (f),,
S1:  45 Kg × 8 Reps (f),,
S1:  5 Kg × 4 Reps (f),,
S1:  8 reps (f),,
S1:  9 reps (f),,
S1:  BW × 5 Reps (f),,
S1:  Kg ×  Reps,,
S1:  Kg ×  Reps (f),,
S1: 10 Kg  x 6 Reps (f),,
S1: 10 Kg × 10 Reps (f),,
S1: 10 Kg × 11 Reps (f),,
S1: 10 Kg × 11 Reps + 7.5 kg × 8,,
"S1: 10 Kg × 3 + 2  Reps (f, cluster)",,
S1: 10 Kg × 6 Reps (f),,
S1: 10 Kg × 7 Reps (f),,
"S1: 10 Kg × 8 Reps (f, last not perfect form)",,
S1: 10 Kg × 9 Reps (f),,
S1: 10 Reps (f),,
S1: 10 kg × 8 reps (f),,
S1: 10 reps,,
S1: 10 reps (f),,
S1: 10 reps (leg raises can't control swing),,
"S1: 100 Kg × 8 Reps (f, with belt, without straps, 4 reps alternative grip)",,
"S1: 100kg × 4 reps (grip giving out every rep, rest paused every rep)",,
"S1: 100kg × 6 reps (ctf, mixed grip, with belt)",,
"S1: 100kg × 6 reps (f, grip, mixed grip)",,
"S1: 100kg × 6 reps (f, mixed grip without belt)",,
"S1: 100kg × 6 reps (last 2 mixed grip, ctf)",,
S1: 10kg (empty bar) × 10 reps,,
S1: 10kg × 10 reps,,
S1: 10kg × 10 reps (f),,
S1: 10kg × 10 reps (failure),,
S1: 10kg × 12 reps (f),,
S1: 10kg × 16 reps (same as below),,
S1: 10kg × 60 sec,,
S1: 10kg × 60 sec (ctc),,
S1: 10kg × 60 sec (ctf),,
S1: 10kg × 7 reps,,
S1: 10kg × 7 reps (f),,
S1: 10kg × 7 reps + partials (f),,
S1: 10kg × 8 reps,,
S1: 10kg × 8 reps (f),,
S1: 10kg × 8 reps + 2-3 partials (f),,
S1: 10kg × 9 reps (f),,
S1: 11 sec,,
"S1: 110 Kg × 4 Reps + 2 with straps (f, with belt)",,
"S1: 110 Kg × 5 Reps (f, with straps, belt)",,
"S1: 110 Kg × 5 Reps (f, with straps, no belt)",,
"S1: 110 Kg × 5 Reps (with belt, 4 reps without straps and mixed grip, f)",,
"S1: 110 Kg × 6 Reps (f, with belt, without straps)",,
"S1: 110 Kg × 7 Reps (f, with straps and belt, last form broke)",,
S1: 12.5 kg × 8 reps (f),,
S1: 12.5 × 10 reps (f),,
S1: 12.5kg × 8 reps,,
"S1: 120 Kg × 3 Reps (f, with straps & belt)",,
S1: 120 Kg × 4 Reps (2 without straps),,
S1: 120 Kg × 8 Reps (nf),,
S1: 13 Sec (f),,
S1: 13 reps (f),,
S1: 13 reps (failure),,
S1: 13 resp (f),,
S1: 130kg × 9 reps (failure),,
S1: 14 reps,,
S1: 140 Kg × 10 Reps (ctf),,
S1: 140 Kg × 9 Reps (f),,
S1: 15  Kg ×  7 Reps (f),,
S1: 15  Kg × 13 Reps (f),,
S1: 15 Kg  x 10 Reps (f),,
S1: 15 Kg × 11 Reps (f),,
S1: 15 Kg × 12 Reps (f),,
S1: 15 Kg × 13 Reps (f),,
S1: 15 Kg × 14 Reps (f),,
S1: 15 Kg × 15 Reps,,
S1: 15 Kg × 15 Reps (f),,
S1: 15 Kg × 5 Reps (f),,
S1: 15 Kg × 6 Reps (nf),,
S1: 15 Kg × 7 Reps (f),,
S1: 15 Kg × 8 Reps (f),,
S1: 15 Reps (f),,
S1: 15 kg × 12 reps (f),,
S1: 15 kg × 20 Reps (f),,
S1: 15 kg × 60 Sec (f),,
S1: 15 kg × 65 sec,,
S1: 15 kg × 7 Reps (f),,
S1: 15 kg × 7 reps (f),,
S1: 15 reps,,
S1: 15 reps (f),,
S1: 150 Kg × 6 Reps (f),,
S1: 150 Kg × 7 Reps (f),,
S1: 150 Kg × 8 Reps (f),,
S1: 150 kg × 8 reps (f),,
"S1: 150kg × 7 reps (f, gf)",,
S1: 150kg × 8 reps (f),,
"S1: 150kg × 9 reps (f, last 2 not perfectly down)",,
S1: 15kg ×  7 reps (f),,
S1: 15kg × 10 reps (c),,
S1: 15kg × 10 reps (ctc),,
S1: 15kg × 10 reps (f),,
"S1: 15kg × 10 reps (f, cn)",,
S1: 15kg × 11 reps (f),,
S1: 15kg × 12 reps (f),,
S1: 15kg × 13 reps (f),,
S1: 15kg × 14 reps (f),,
S1: 15kg × 15 reps,,
S1: 15kg × 15 reps (ctf),,
S1: 15kg × 36 sec,,
S1: 15kg × 60 sec (ctf),,
S1: 15kg × 7reps (f),,
S1: 15kg × 8 reps,,
S1: 16 Kg × 7 Reps (f),,
S1: 16 Sec (f),,
S1: 16kg × 8 reps (f),,
S1: 17 Kg × 7 Reps (f),,
S1: 17 Kg × 9 Reps (f),,
S1: 17 kg × 6 reps (f),,
S1: 17 kg × 8 reps (f),,
S1: 17 reps (f),,
S1: 17.5 Kg  x 10 Reps (f),,
S1: 17.5 Kg × 8 Reps (f),,
S1: 17.5kg  × 13 reps (ctf),,
S1: 17.5kg × 10 reps (close to failure),,
S1: 17kg × 10 (f),,
S1: 17kg × 6 reps,,
S1: 17kg × 7 reps (f),,
S1: 17kg × 7 resp (f),,
S1: 17kg × 8 reps,,
S1: 17kg × 8 reps (f),,
S1: 18 reps + 5 partials,,
S1: 19 reps (f),,
S1: 2 reps,,
"S1: 20 Kg × 10  Reps (f, with straps)",,
S1: 20 Kg × 10 Reps (f),,
S1: 20 Kg × 11 Reps (f),,
S1: 20 Kg × 12 Reps (f),,
S1: 20 Kg × 15 Reps (Cardio Vascular failure),,
S1: 20 Kg × 15 Reps (f),,
S1: 20 Kg × 4 Reps (f),,
S1: 20 Kg × 5 Reps (f),,
S1: 20 Kg × 6 Reps (f),,
S1: 20 Kg × 7 Reps (f),,
S1: 20 Kg × 8 Reps,,
S1: 20 Kg × 8 Reps (f),,
S1: 20 Kg × 9 Reps (f),,
S1: 20 Sec (ctf),,
S1: 20 kg × 10 Reps,,
S1: 20 kg × 10 reps,,
S1: 20 kg × 10 reps (f),,
S1: 20 kg × 11 reps (f),,
"S1: 20 kg × 12 reps (f, used straps)",,
S1: 20 kg × 13 reps,,
S1: 20 kg × 15 reps (G MMC),,
S1: 20 kg × 15 reps (f),,
S1: 20 kg × 7 reps,,
S1: 20 kg × 7 reps (f),,
S1: 20 kg × 8 reps,,
S1: 20 kg × 8 reps (1 RIR),,
S1: 20 kg × 8 reps (f),,
S1: 20 kg × 9 reps (f),,
S1: 20 reps,,
"S1: 20, 15, 10 Kg × 15, 10, 15 Reps (f)",,
S1: 20kg × 10 reps,,
S1: 20kg × 10 reps (ctf),,
S1: 20kg × 10 reps (f),,
S1: 20kg × 11 reps (ctf),,
S1: 20kg × 11 reps (f),,
S1: 20kg × 12 reps,,
S1: 20kg × 12 reps (Good MMC),,
S1: 20kg × 12 reps (f),,
S1: 20kg × 12 reps (good MMC),,
S1: 20kg × 4 reps (Failure),,
S1: 20kg × 6 reps,,
S1: 20kg × 6 reps (f),,
S1: 20kg × 7 reps,,
S1: 20kg × 7 reps (Failure),,
S1: 20kg × 7 reps (close),,
S1: 20kg × 7 reps (f),,
S1: 20kg × 7 reps (failure),,
S1: 20kg × 8 reps,,
"S1: 20kg × 8 reps (cn, f)",,
S1: 20kg × 8 reps (ctf),,
S1: 20kg × 8 reps (f),,
"S1: 20kg × 8 reps (f, last 2 not perfect form)",,
S1: 20kg × 8 reps (failure),,
S1: 20kg × 9 reps,,
S1: 20kg × 9 reps (f),,
S1: 20kg × 9 reps (failure i think),,
S1: 20kg × 9 reps (failure),,
S1: 21 Kg × 11 Reps (f),,
S1: 21 Sec (ctf),,
S1: 22 Kg × 15 Reps (f),,
"S1: 22.5 Kg  x 4 + 1 Reps  (f, cluster set)",,
S1: 22.5 Kg × 5 Reps (f),,
S1: 22.5 Kg × 6 Reps (f),,
S1: 22.5 Kg × 8 Reps (f),,
S1: 22kg × 5 reps (f),,
S1: 22kg × 6 reps,,
S1: 22kg × 7 reps (failure),,
S1: 23 Sec (f),,
S1: 23 sec,,
S1: 24 Sec,,
S1: 24 Sec (f),,
S1: 24 kg × 10 reps (ctf),,
S1: 24kg × 8 reps (Close to failure),,
S1: 25 - 30 sec,,
S1: 25 Kg  x 8 Reps (f),,
S1: 25 Kg × 11 Reps (f),,
S1: 25 Kg × 5 Reps (f),,
S1: 25 Kg × 6 Reps (f),,
S1: 25 Kg × 7 Reps (f),,
S1: 25 Kg × 8 Reps (f),,
S1: 25 Kg × 9 Reps (f),,
S1: 25 kg × 11 reps (f),,
S1: 25 kg × 7 reps (f),,
S1: 25 × 15 Reps,,
"S1: 25, 20, 15, 10 Kg × 5, 3, 3, 4 Rep (f)",,
S1: 25kg × 6 reps,,
"S1: 25kg × 6 reps (f, no MMC)",,
S1: 25kg × 7 reps,,
S1: 25kg × 8 reps,,
S1: 25kg × 8 reps (failure),,
S1: 26  Kg × 9 Reps + 7 assisted on up but controlled negative (f),,
S1: 26 Sec (f),,
S1: 26 kg × 8 reps (f),,
S1: 26 × 10 reps (f),,
S1: 26kg × 10 reps (f),,
S1: 26kg × 9 reps (f),,
S1: 27 Sec (ctf),,
S1: 27.5 Kg × 6 Reps (f),,
S1: 28 sec (f),,
S1: 28kg × 9 reps (f),,
S1: 3 + 1 reps (f),,
S1: 3 reps,,
S1: 30 Kg  x 10 Reps (f),,
S1: 30 Kg  x 6 Reps (f),,
S1: 30 Kg  x 7 Reps (f),,
S1: 30 Kg  x 9 Reps (f),,
S1: 30 Kg ×  3 Reps (f),,
S1: 30 Kg ×  8 Reps (f),,
S1: 30 Kg × 10 Reps (ctf),,
S1: 30 Kg × 10 Reps (nf),,
S1: 30 Kg × 13 Reps (f),,
S1: 30 Kg × 15 Reps,,
S1: 30 Kg × 5 Reps (f),,
S1: 30 Kg × 6 Reps (1-2 RIR),,
S1: 30 Kg × 6 Reps (f),,
S1: 30 Kg × 7 Reps,,
S1: 30 Kg × 7 Reps (f),,
S1: 30 Kg × 8 Reps (f),,
S1: 30 Kg × 8 Reps (not f),,
S1: 30 Kg × 9 Reps (no mmc and litte lower back pain),,
S1: 30 Sec,,
S1: 30 kg × 10 reps (ctf),,
S1: 30 kg × 10 reps (still bar uncomfortable),,
S1: 30 kg × 12 reps (ctf),,
S1: 30 kg × 20 Reps (f),,
S1: 30 kg × 9 reps (f),,
S1: 30 sec,,
S1: 30 sec (each side),,
"S1: 30, 25, 20, 15, 10 Kg × 9, 3, 3, 4, 5 Reps (f)",,
S1: 30kg × 15 reps (lite feel),,
S1: 30kg × 7 reps,,
S1: 30kg × 7 reps (f),,
S1: 30kg × 8 reps,,
S1: 30kg × 8 reps (f),,
S1: 30kg × 9 reps (f),,
S1: 32 Sec (f),,
S1: 32.5 Kg × 5 Reps (f),,
S1: 34 Kg × 5 Reps (f),,
S1: 34 Kg × 7 Reps (f),,
S1: 34 Kg × 8 Reps (f),,
S1: 34 Sec (f),,
S1: 34 kg × 10 reps (f),,
S1: 34 kg × 6 reps (f),,
S1: 35 Kg × 3 Reps (f),,
S1: 35 Kg × 5 Reps (f),,
S1: 35 Kg × 6 Reps,,
S1: 35kg × 11 reps (f),,
S1: 35kg × 12 reps (f),,
S1: 35kg × 7 reps (failure),,
S1: 35kg × 8 reps (Close),,
S1: 36 Kg × 9 Reps (f),,
S1: 36 sec,,
S1: 37 Sec (f),,
S1: 39 sec,,
S1: 4 Reps,,
S1: 4 Reps (f),,
S1: 4 reps,,
S1: 4 reps (ctf),,
S1: 4 reps (f),,
S1: 40  Kg × 7 Reps (1-2 RIR),,
"S1: 40 Kg × 10 Reps (f, last 2-3 reps felt on lower spine)",,
S1: 40 Kg × 4 Reps (f),,
S1: 40 Kg × 5 Reps,,
S1: 40 Kg × 5 Reps (f),,
"S1: 40 Kg × 5 Reps (f, 1 Rep drop, with belt)",,
S1: 40 Kg × 6 Reps (1 RIR),,
S1: 40 Kg × 6 Reps (f),,
S1: 40 Kg × 7 Reps (f),,
S1: 40 Kg × 8 Reps (f),,
S1: 40 Kg × 9 Reps (f),,
S1: 40 Sec,,
"S1: 40 Sec (f, PR)",,
S1: 40 sec,,
S1: 40kg × 10 reps (f),,
S1: 40kg × 12 reps,,
S1: 40kg × 15 reps (ctf),,
S1: 40kg × 5 reps (f),,
S1: 40kg × 6 reps,,
S1: 40kg × 6 reps (f),,
S1: 40kg × 6.5 reps (failure),,
S1: 40kg × 7 reps (f),,
S1: 40kg × 8 (Close to failure),,
S1: 40kg × 8 reps,,
S1: 40kg × 8 reps (f),,
S1: 40kg × 8 reps (plate only),,
S1: 40kg × 8 resp,,
S1: 40kg × 8reps,,
S1: 40kg × 9 reps (f),,
S1: 40kg × 9.5 reps (f),,
S1: 42kg × 4 reps (f),,
S1: 44kg × 6 reps,,
S1: 44kg × 8 reps (failure),,
S1: 45 Kg × 5 Reps (ctf),,
S1: 45 Kg × 8 Reps (f),,
S1: 45 Sec,,
"S1: 45 Sec (PR, f)",,
S1: 45 Sec (f),,
S1: 45 kg × 8 reps (f),,
S1: 45 sec,,
S1: 45kg × 7 reps,,
S1: 45kg × 7 reps (close),,
S1: 45kg × 8 reps (f),,
S1: 45kg × 9 reps (failure),,
"S1: 46 Kg × 12 Reps (f, mmc ok)",,
S1: 46kg × 12 reps (f),,
S1: 46kg × 8 reps (close),,
S1: 4kg × 15 reps,,
S1: 5 + 2 partial (f),,
S1: 5 Kg ×  8 Reps (f),,
S1: 5 Kg × 10 Reps,,
S1: 5 Kg × 15 Reps,,
S1: 5 Kg × 20 Reps (ctf),,
S1: 5 Kg × 3 Reps (ctf),,
S1: 5 Kg × 3 Reps (f),,
S1: 5 Kg × 4,,
S1: 5 Kg × 4 Reps (f),,
S1: 5 Kg × 5 Reps (f),,
S1: 5 Kg × 6 Reps (f),,
S1: 5 Kg × 7 Reps (f),,
S1: 5 Kg × 8 Reps (f),,
S1: 5 Reps,,
S1: 5 kg × 15 reps,,
S1: 5 kg × 4 reps (f),,
S1: 5 reps (Close to failure),,
S1: 5 reps (f),,
"S1: 5 reps (f, with rest pause)",,
"S1: 50 Kg ×  6 Reps (not f, 2-3 sec hold at bottom)",,
"S1: 50 Kg × 12 Reps (f, with straps)",,
S1: 50 Kg × 15 Reps,,
S1: 50 Kg × 5 Reps,,
S1: 50 Kg × 5 Reps (f),,
S1: 50 Kg × 6 Reps (RIR),,
S1: 50 Kg × 6 Reps (f),,
"S1: 50 Kg × 6 Reps (f, with straps)",,
"S1: 50 Kg × 6 Reps (f, without straps)",,
S1: 50 Kg × 7 Reps,,
S1: 50 Kg × 7 Reps (f),,
"S1: 50 Kg × 7 Reps (f, without straps)",,
S1: 50 Kg × 8 Reps (1-2 RIR),,
S1: 50 Kg × 8 Reps (f),,
S1: 50 kg × 3 reps (f),,
S1: 50 kg × 5 resp (f),,
S1: 50 sec,,
S1: 50 sec (f),,
S1: 50kg × 6 reps (c),,
S1: 50kg × 6 reps (f),,
S1: 50kg × 7 reps (f),,
"S1: 50kg × 7 reps (plate weight, failure)",,
S1: 50kg × 8 reps,,
S1: 50kg × 8 reps (f),,
S1: 50kg × 9 reps (ctf),,
S1: 52 Kg × 7 Reps (ctf),,
S1: 52 Kg × 7 Reps (f),,
S1: 54 Kg × 7 Reps (f),,
S1: 54kg × 6 reps (f),,
S1: 54kg × 8 reps (f),,
"S1: 55 Kg ×  5 Reps (f, no straps)",,
S1: 55 Kg × 4 Reps (f),,
"S1: 55 Kg × 5 Reps (f, no straps)",,
"S1: 55 Kg × 8 Reps (f, no straps)",,
S1: 55 kg × 7 reps (f),,
"S1: 55 kg × 7 reps (f, with strap)",,
S1: 55 sec (f),,
S1: 55kg × 6 reps (f),,
S1: 56 Kg × 5 Reps (f),,
S1: 56 Kg × 6 Reps (f),,
S1: 56 Kg × 7 Reps (f),,
"S1: 56 Kg × 7 Reps (f, last one assigned)",,
"S1: 56 Kg × 7 Reps (f, with straps)",,
S1: 56 kg × 6 reps (f),,
S1: 58 Kg × 4 Reps (f),,
S1: 58 Sec (f),,
S1: 58kg × 6 (Close to Failure),,
S1: 5kg × 10 reps (f),,
S1: 5kg × 10 reps (failure),,
S1: 5kg × 11 reps (f),,
S1: 5kg × 12 reps,,
S1: 5kg × 12 reps (f),,
S1: 5kg × 15 reps,,
S1: 5kg × 20 reps,,
S1: 5kg × 24 sec,,
S1: 5kg × 6 reps (ctf),,
S1: 5kg × 60 sec (felt it on core),,
S1: 5kg × 8 reps,,
S1: 6 Kg × 5 Reps (f),,
"S1: 6 Reps (f, knee to chest)",,
S1: 6 kg × 7 reps (f),,
S1: 6 reps,,
"S1: 6 reps (f, last 1 rest pause)",,
S1: 60 Kg × 4 Reps (f),,
"S1: 60 Kg × 4 Reps (f, with straps)",,
S1: 60 Kg × 5 Reps (f),,
"S1: 60 Kg × 5 Reps (f, without straps)",,
S1: 60 Kg × 6 Reps (f),,
"S1: 60 Kg × 6 Reps (f, with straps)",,
S1: 60 Kg × 7 Reps (f),,
"S1: 60 Kg × 7 Reps (f, with straps and belt)",,
"S1: 60 Kg × 7 Reps (f, with straps)",,
S1: 60 Kg × 8 Reps (f),,
"S1: 60 Kg × 8 Reps (f, with straps & belt)",,
"S1: 60 Kg × 8 Reps (f, with straps and without belt, good mmc)",,
"S1: 60 Kg × 9 Reps (f, 6 reps without straps)",,
"S1: 60 Kg × 9 Reps (f, with straps)",,
S1: 60 Sec,,
S1: 60 Sec (f),,
S1: 60 kg × 5 reps (f),,
S1: 60 sec,,
"S1: 60kg × 4 reps (f, not perfect form as grip almost sliped)",,
S1: 60kg × 5 reps (close to failure),,
S1: 60kg × 8 reps (f),,
S1: 62 Kg ×  6 Reps (f),,
"S1: 62 Kg × 6 Reps (f, with straps and belt, no MMC)",,
S1: 62 Kg × 7 Reps (f),,
S1: 64 Kg × 5 Reps (f),,
S1: 64 Kg × 6 Reps (f),,
S1: 64 Kg × 6.5 Reps (f),,
S1: 64 Kg × 7 Reps (f),,
"S1: 64 Kg × 7 Reps (f, same as last week)",,
S1: 64kg × 4 reps (ctf),,
S1: 64kg × 5 reps (f),,
S1: 64kg × 6 reps (ctf),,
S1: 64kg × 6 reps (f),,
"S1: 64kg × 6 reps (f, form broke)",,
"S1: 65 Kg × 4 Reps (f, without straps)",,
"S1: 65 Kg × 5 Reps (f, without straps)",,
S1: 66 Kg × 5 Reps (f),,
S1: 66 Kg × 6 Reps (f),,
S1: 66 kg × 3 + 1 reps (f),,
S1: 66kg × 7 reps (ctf),,
S1: 67 Sec,,
S1: 7 reps (Failure),,
S1: 7 reps (f),,
S1: 7.5 Kg × 10 Reps (f),,
S1: 7.5 Kg × 11 Reps (f),,
S1: 7.5 Kg × 12 Reps (f),,
S1: 7.5 Kg × 14 Reps (f),,
S1: 7.5 Kg × 15 Reps,,
S1: 7.5 Kg × 15 Reps (ctf),,
S1: 7.5 Kg × 19 Reps (f),,
S1: 7.5 Kg × 20 Reps (f),,
S1: 7.5 Kg × 9 Reps (f),,
S1: 7.5 kg × 15 reps (f),,
S1: 7.5 × 15 reps (f),,
S1: 7.5kg × 12 reps,,
S1: 7.5kg × 12 reps (f),,
S1: 7.5kg × 15 reps (f),,
"S1: 7.5kg × 15 reps (f, after 10-12 not good form)",,
S1: 7.5kg × 16 reps (f),,
"S1: 70 Kg × 3 Reps (f, PR)",,
S1: 70 Kg × 4 Reps (RIR),,
"S1: 70 Kg × 4 Reps (f, 2 without straps)",,
S1: 70 Kg × 5 Reps (f),,
"S1: 70 Kg × 7 Reps (ctf, 1-2 RIR)",,
"S1: 70kg × 6 reps (ctf, little form brake)",,
S1: 70kg × 9 reps (f),,
"S1: 72 Kg × 5 Reps (ctf, with belt)",,
S1: 72 Kg × 6 Reps (ctf),,
S1: 72 Kg × 9 Reps (f),,
"S1: 72 kg × 6 reps (ctf, last 2 not perfect form as struggle to go up, no belt)",,
S1: 72kg × 4 reps (f),,
"S1: 74 Kg × 7 Reps (f, with belt)",,
"S1: 74 kg × 4 reps (belt, f)",,
"S1: 76 Kg × 5 Reps (f, with belt)",,
"S1: 76 Kg × 5 Reps + 1  (f, cluster set)",,
S1: 8 reps (f),,
S1: 8 reps (grip f),,
S1: 8 reps + 5 knee (f),,
S1: 80 Kg × 3 Reps (f),,
"S1: 80 Kg × 4 Reps (last 2 form off, f)",,
S1: 8kg × 8 reps (weight both sides),,
S1: 90 Kg × 6 Reps,,
S1: 90 Sec (f),,
S1: 90kg × 6 reps (failure i think),,
S1: BW  × 9.5 reps (f),,
S1: BW × 10 reps,,
S1: BW × 3 Reps (f),,
S1: BW × 4 reps (f),,
S1: BW × 5 Reps (f),,
S1: BW × 5 reps (nf),,
S1: BW × 6 reps (f),,
S1: BW × 8 repe (f),,
S1: Empty Barbell (10kg) × 20 reps,,
S1: Empty bar × 20 reps,,
S1: Kg × Reps (f),,
S1: kg × Sec (f),,
S1: reps (f),,
S2:,,
S2:   BW × 7 Reps (f),,
S2:   Kg ×   Reps (skipped lower back hurt),,
S2:   Kg ×   Sec,,
S2:  (Skipped),,
S2:  14 reps (f),,
S2:  15 Kg ×  5 Reps (f),,
S2:  15 Kg × 10 Reps (ctf),,
S2:  150 Kg × 6 Reps (f),,
S2:  20 Kg ×  9 Reps (f),,
S2:  24 Kg × 12 Reps (same as before),,
S2:  26 Kg × 7 Reps (f),,
"S2:  40 Kg × 12 Reps (f, no discomfort, MMC ok)",,
S2:  40 Kg × 6 Reps,,
S2:  6 reps (f),,
S2:  BW × 3 Reps (f),,
S2:  Kg ×  Reps,,
S2:  Kg × Reps (f),,
S2:  Sec,,
S2:  kg ×  Sec (f),,
S2:  reps (f),,
S2: (Skipped),,
S2: (skipped),,
S2: 10 Kg  x 5 Reps (f),,
S2: 10 Kg × 10 Reps (f),,
"S2: 10 Kg × 4 + 1 Reps (f, cluster)",,
S2: 10 Kg × 4 Reps (f),,
S2: 10 Kg × 5 Reps (f),,
S2: 10 Kg × 6 Reps (f),,
S2: 10 Kg × 7 Reps (f),,
S2: 10 Kg × 9 Reps (f),,
S2: 10 kg × 5 reps + partials(f),,
S2: 10 kg × 6 reps (f),,
S2: 10 reps,,
S2: 10 reps (failure),,
S2: 100kg × 3 reps (same as before),,
"S2: 100kg × 4 + 1 + 1 reps (f, rest pause, grip, mixed grip)",,
S2: 100kg × 4 reps (mixed grip and rest pause at last),,
S2: 100kg × 5 reps (same as before),,
S2: 10kg (Barbell) × 10 reps,,
S2: 10kg × 11 reps (f),,
S2: 10kg × 15 reps (ctf),,
S2: 10kg × 40 sec (f),,
S2: 10kg × 43 sec (cts),,
S2: 10kg × 45 sec (felt it core),,
S2: 10kg × 6 reps,,
S2: 10kg × 7 reps + 3 partial (f),,
"S2: 10kg × 7 reps + partials (f, rest pause)",,
S2: 10kg × 75 sec (f),,
S2: 10kg × 8 reps,,
S2: 10kg × 8 reps + 2-3 partials (f),,
S2: 10kg × 9 + 1 partial reps (f),,
S2: 10kg × 9 reps + 4 partial (f),,
S2: 11 Sec,,
S2: 11 reps (grip f),,
"S2: 110  Kg × 4 Reps (f, with straps and belt)",,
"S2: 110  Kg × 5 Reps (f, with straps and belt)",,
"S2: 110 Kg × 4 Reps (f, with straps & Belt)",,
"S2: 110 Kg × 4 Reps (f, with straps and belt)",,
"S2: 110 Kg × 4 Reps (with straps and belt, f)",,
S2: 110Kg × 3 Reps (same as before),,
S2: 12 reps,,
"S2: 12 reps (controlled,knee)",,
S2: 12.5 kg × 6 reps (f),,
S2: 12.5 × 8 reps + 1 partial (f),,
S2: 12.5kg × 8 reps (failure),,
"S2: 120 Kg × 2 Reps (f, with straps & belt)",,
"S2: 120 Kg × 3 Reps (with straps and belt, f)",,
S2: 120 Kg × 8 Reps (nf),,
S2: 13 reps + 7 knee,,
S2: 14 reps,,
S2: 140 Kg × 8 Reps (f),,
S2: 140 Kg × 9 Reps (f),,
S2: 140kg × 6 reps (failure),,
S2: 14kg × 7 reps (failure),,
S2: 15  Kg ×  11 Reps (f),,
S2: 15  Kg × 11 Reps (f),,
S2: 15 Kg  x  9 Reps (f),,
S2: 15 Kg × 10 Reps (f),,
S2: 15 Kg × 11 Reps (f),,
S2: 15 Kg × 12 Reps,,
S2: 15 Kg × 12 Reps (f),,
S2: 15 Kg × 5.5 Reps (f),,
S2: 15 Kg × 6 Reps (f),,
S2: 15 Kg × 8 Reps (f),,
S2: 15 Kg × 8 Reps (nf),,
S2: 15 Kg × 9 Reps (f),,
S2: 15 kg × 21 Reps (f),,
S2: 15 kg × 40 Sec (f),,
S2: 15 kg × 52 sec,,
S2: 15 kg × 6 reps (f),,
S2: 15 kg × 8 reps (f),,
S2: 15 kg × 9 reps (f),,
S2: 15 reps,,
S2: 15 × 5,,
S2: 150 Kg × 4 Reps (f),,
S2: 150 Kg × 6 Reps (f),,
S2: 150 kg × 5 reps (f),,
S2: 150kg × 5 reps (f),,
S2: 150kg × 6 reps (f),,
S2: 150kg × 7 reps (f),,
S2: 15kg × 10 reps (f),,
"S2: 15kg × 10 reps (good MMC, no f)",,
S2: 15kg × 11 reps (f),,
S2: 15kg × 12 reps (f),,
S2: 15kg × 12 reps + partials (f),,
S2: 15kg × 13 reps (f),,
S2: 15kg × 3 reps (note reduce weight),,
S2: 15kg × 55 sec (f),,
S2: 15kg × 6 reps (f),,
"S2: 15kg × 60 sec (f, form off at la)",,
S2: 15kg × 7 reps,,
S2: 15kg × 8 reps,,
S2: 15kg × 8 reps (f),,
"S2: 15kg × 8 reps (f, cn)",,
S2: 15kg × 9 reps (f),,
S2: 16 Kg × 7 Reps (f),,
S2: 16kg × 7 reps (f),,
S2: 17 Kg × 5 Reps (f),,
S2: 17 Kg × 7 Reps (f),,
S2: 17 Sec (f),,
S2: 17 kg × 4 reps (f),,
S2: 17 reps (f),,
S2: 17.5 Kg  x 7 Reps (f),,
S2: 17.5 Kg × 6 Reps (f),,
S2: 17.5 × 9 reps (f),,
S2: 17.5kg × 10 reps (f),,
S2: 17.5kg × 8 reps (f),,
S2: 17kg × 10 reps (failure),,
S2: 17kg × 12 reps,,
S2: 17kg × 6 reps (f),,
S2: 17kg × 7 reps (f),,
S2: 17kg × 8 (f),,
S2: 17kg × 9 reps (f),,
S2: 18 Sec (f),,
S2: 18 reps (f),,
S2: 19 Sec,,
S2: 19 Sec (f),,
S2: 2 Reps,,
S2: 2.5 reps (f),,
S2: 20  Kg × 6 Reps (f),,
S2: 20 Kg × 10 Reps (1-2 RIR),,
S2: 20 Kg × 10 Reps (f),,
S2: 20 Kg × 15 Reps (cvf),,
S2: 20 Kg × 15 Reps (f),,
S2: 20 Kg × 5 Reps (f),,
S2: 20 Kg × 6 + 4 Reps (f),,
S2: 20 Kg × 6 Reps (f),,
"S2: 20 Kg × 6 Reps (f, with straps)",,
S2: 20 Kg × 7 Reps (f),,
S2: 20 Kg × 8 Reps,,
S2: 20 Kg × 8 Reps (f),,
S2: 20 Kg × 9 Reps (f),,
S2: 20 Sec (f),,
S2: 20 kg × 10 reps,,
S2: 20 kg × 10 reps (f),,
S2: 20 kg × 5 reps,,
S2: 20 kg × 5 reps (f),,
S2: 20 kg × 6 reps,,
S2: 20 kg × 6 reps (f),,
S2: 20 kg × 7 reps (f),,
"S2: 20 kg × 7 reps (f, not good form)",,
S2: 20 kg × 7 reps (traps f),,
S2: 20 kg × 8 reps (f),,
"S2: 20 kg × 9 reps (f, used straps)",,
S2: 20 resp with rest pause,,
S2: 20kg,,
S2: 20kg × 10 reps,,
S2: 20kg × 10 reps (f),,
S2: 20kg × 12 reps (f),,
"S2: 20kg × 12 reps (f, good MMC)",,
"S2: 20kg × 12 reps (f, last 2 spoted)",,
S2: 20kg × 12 reps (good MMC),,
S2: 20kg × 5 reps (f),,
S2: 20kg × 5 reps (reduce weight with 2kg plate),,
S2: 20kg × 6 reps,,
"S2: 20kg × 6 reps (cn,f)",,
S2: 20kg × 6 reps (f),,
S2: 20kg × 6 reps (grip give out),,
S2: 20kg × 6 reps + partials (f),,
S2: 20kg × 7 reps (f),,
S2: 20kg × 8 reps,,
S2: 20kg × 8 reps (f),,
"S2: 20kg × 8 reps (f, rest pause)",,
S2: 20kg × 8 reps (not failure),,
S2: 20kg × 9 reps (ctf),,
S2: 20kg × 9 reps (f),,
S2: 20kg × 9 reps (f):,,
"S2: 20kg × 9 reps (f, grip)",,
"S2: 20kg × 9 reps (f, lite MMC)",,
S2: 21 Kg × 10 Reps (f),,
S2: 22 Sec (f),,
"S2: 22.5 Kg  x 4 Reps (f, can't do cluster set)",,
"S2: 22.5 Kg × 4 + 2 Reps (f, cluster)",,
S2: 22.5 Kg × 4 Reps (f),,
S2: 22.5 Kg × 6 Reps (f),,
S2: 22kg × 5 reps + 1 rep (rest pause),,
S2: 22kg × 6 reps,,
S2: 22kg × 6 reps (failure),,
S2: 22kg × 7 reps (f),,
S2: 22kg × 8 reps (f),,
S2: 23 Sec (f),,
S2: 24 kg × 12 reps (G MMC),,
S2: 24kg × 6 reps (f),,
S2: 25 Kg  x 7 Reps (f),,
S2: 25 Kg × 4 Reps (f),,
S2: 25 Kg × 5 Reps,,
S2: 25 Kg × 5 Reps (f),,
S2: 25 Kg × 6 Reps (f),,
S2: 25 Kg × 7 Reps (f),,
S2: 25 Kg × 8 Reps (f),,
S2: 25 Kg × 9 Reps (f),,
S2: 25 kg × 2,,
S2: 25 sec,,
S2: 25kg × 6 reps,,
S2: 25kg × 6 reps (f),,
S2: 25kg × 6 reps (failure),,
S2: 25kg × 6 reps (last half),,
S2: 25kg × 7 reps,,
S2: 25kg × 8 reps,,
S2: 26  Kg × 7 Reps (f),,
S2: 26 Sec (f),,
S2: 26 kg × 6 reps (f),,
"S2: 26 × 9 reps (f, rp)",,
S2: 26kg × 7 reps (f),,
S2: 26kg × 7 reps (failure),,
S2: 27.5 Kg × 5 Reps (f),,
S2: 28 Sec (f),,
S2: 28kg × 7 reps (f),,
S2: 3 + 2 partial (f),,
S2: 3 reps,,
S2: 3 reps (ctf),,
S2: 3 reps (f),,
S2: 30  Kg × 5 Reps (f),,
S2: 30 Kg  x 5 Reps (f),,
S2: 30 Kg  x 6 Reps (f),,
S2: 30 Kg  x 7 Reps (f),,
S2: 30 Kg ×  6 Reps (f),,
S2: 30 Kg × 10 Reps (f),,
S2: 30 Kg × 10 Reps (nf),,
S2: 30 Kg × 11 Reps (f),,
S2: 30 Kg × 12 Reps,,
"S2: 30 Kg × 12 Reps (mmc ok, no lower back pain untill last reps)",,
S2: 30 Kg × 4 Reps (f),,
S2: 30 Kg × 5 Reps (f),,
S2: 30 Kg × 6 Reps (f),,
S2: 30 Kg × 7 Reps (f),,
S2: 30 Kg × 8 Reps (f),,
S2: 30 Kg × 8 Reps (not f),,
S2: 30 Sec,,
S2: 30 kg × 10 reps (),,
S2: 30 kg × 12 reps (ctf),,
S2: 30 kg × 14 Reps (f),,
S2: 30 kg × 6 reps (f),,
S2: 30 sec,,
S2: 30 sec (ctf),,
S2: 30 × 6,,
S2: 30kg × 11 reps,,
S2: 30kg × 15 reps (f),,
S2: 30kg × 6 reps,,
S2: 30kg × 6 reps (f),,
S2: 30kg × 7 reps,,
S2: 30kg × 7 reps (f),,
S2: 30kg × 7 reps + 2 partial (f),,
S2: 30kg × 8 reps,,
S2: 30kg × 8 reps (f),,
"S2: 30kg × 8 reps (f, good MMC)",,
S2: 32.5 Kg × 4 Reps (f),,
S2: 34 Kg × 5 Reps (f),,
S2: 34 Kg × 6 Reps (f),,
S2: 34 Kg × 8 Reps (f),,
S2: 34 kg × 10 reps (ctf),,
S2: 34 kg × 3 reps (f),,
S2: 34 kg × 8 reps (f),,
S2: 34kg × 8 reps,,
S2: 35 Kg × 10 Reps,,
S2: 35 Kg × 3 Reps,,
S2: 35 sec,,
S2: 35kg × 10 reps (f),,
S2: 35kg × 6 reps (failure),,
S2: 35kg × 6 reps (last one half),,
S2: 36 Kg × 6 Reps (f),,
S2: 36 Sec (f),,
S2: 37 Sec (f),,
S2: 38 Sec,,
"S2: 38 sec, 40 sec",,
"S2: 4 + 1 + 1 partial (f, rest pause)",,
S2: 4 Reps (f),,
S2: 4 reps (f),,
"S2: 4 reps (f, rest pause)",,
S2: 4 reps (failure),,
S2: 4 reps (with rest pause),,
S2: 40 Kg × 3 (f),,
S2: 40 Kg × 3 Reps (f),,
"S2: 40 Kg × 3 Reps (f, with belt)",,
S2: 40 Kg × 4 Reps,,
S2: 40 Kg × 4 Reps (f),,
S2: 40 Kg × 5 Reps (1-2 RIR),,
S2: 40 Kg × 5 Reps (f),,
S2: 40 Kg × 6 Reps (f),,
S2: 40 kg × 4 Reps (f),,
"S2: 40 sec (f, due to good grip)",,
"S2: 40kg × 10 reps (f, 2 rest pause)",,
S2: 40kg × 10 reps (same as before),,
S2: 40kg × 12 reps,,
S2: 40kg × 5 reps,,
S2: 40kg × 5 reps (f),,
S2: 40kg × 6 reps,,
S2: 40kg × 6 reps (f),,
S2: 40kg × 7 reps (f),,
S2: 40kg × 7 reps (failure),,
S2: 40kg × 8 reps (f),,
S2: 44kg × 12 reps (ctf),,
S2: 44kg × 8 reps,,
S2: 45 Kg × 5 Reps (ctf),,
S2: 45 Kg × 6 Reps (f),,
S2: 45 Sec,,
S2: 45 kg × 4 reps (f),,
S2: 45 kg × 5 reps (f),,
S2: 45 sec (close to failure),,
S2: 45 sec (f),,
S2: 45kg × 6 reps,,
S2: 45kg × 6 reps (f),,
S2: 45kg × 6 reps (last 1 half),,
S2: 45kg × 6 reps + partials (f),,
S2: 45kg × 7 reps (failure),,
"S2: 46 Kg × 12 Reps (f, with straps)",,
S2: 47 Sec (f),,
S2: 47 sec (f),,
S2: 48kg × 6 reps (close),,
S2: 4kg × 20 reps,,
S2: 5 Kg × 10  Reps,,
S2: 5 Kg × 18 Reps (f),,
S2: 5 Kg × 2,,
S2: 5 Kg × 2 + 1 Reps (f),,
S2: 5 Kg × 2 Reps (f),,
S2: 5 Kg × 2 Reps + 2 BW (f),,
S2: 5 Kg × 2.5 Reps (f),,
S2: 5 Kg × 3 Reps (f),,
S2: 5 Kg × 4 Reps (f),,
S2: 5 Kg × 5 Reps (f),,
S2: 5 Kg × 6 Reps (f),,
S2: 5 kg × 14 reps,,
"S2: 5 kg × 4 reps (f, after 2 min rest)",,
S2: 5 reps,,
S2: 5 reps (f),,
S2: 50  Kg × 6 Reps (ctf same as before),,
"S2: 50 Kg × 10 Reps (f, with straps)",,
S2: 50 Kg × 4 Reps (f),,
S2: 50 Kg × 5 Reps,,
S2: 50 Kg × 5 Reps (1 RIP),,
S2: 50 Kg × 5 Reps (f),,
"S2: 50 Kg × 5 Reps (f, with straps)",,
S2: 50 Kg × 6 Reps (f),,
"S2: 50 Kg × 6 Reps (f, without straps)",,
"S2: 50 Kg × 8 Reps (f, with straps)",,
S2: 50 kg × 3 reps (f),,
S2: 50kg × 11 (Failure),,
S2: 50kg × 4 reps (f),,
S2: 50kg × 5 reps (f),,
S2: 50kg × 5 reps + 1 partial (f),,
S2: 50kg × 5 reps + 1 rest pause (f),,
S2: 50kg × 6 reps (f),,
S2: 50kg × 6 reps (failure),,
S2: 50kg × 6.5 reps (f),,
S2: 50kg × 7 reps (ctf),,
S2: 50kg × 7 reps (f),,
S2: 50kg × 7 reps (failure),,
S2: 50kg × 9 reps,,
S2: 52 Kg × 5 Reps (f),,
"S2: 52 Kg × 7 Reps (f, with last 1 assistance)",,
S2: 54 Kg × 6 Reps (f),,
S2: 54kg × 4 reps (f),,
S2: 54kg × 6 reps (f),,
"S2: 55 Kg × 5 Reps (f, with straps)",,
"S2: 55 Kg × 6 Reps (f, with straps)",,
"S2: 55 Kg × 7 Reps (f, with straps)",,
"S2: 55 kg × 4 reps (f, without strap)",,
S2: 55 kg × 5 reps + 1 partial (f),,
S2: 55kg × 5 reps (f),,
S2: 56 Kg ×  Reps (still same as before),,
S2: 56 Kg × 4 Reps (f),,
S2: 56 Kg × 5 Reps (f),,
"S2: 56 Kg × 5 Reps (f, without straps)",,
S2: 56 Kg × 6 Reps (f),,
"S2: 56 Kg × 7 Reps (f, with straps and belt)",,
"S2: 56 Kg × 8 Reps (f, with straps)",,
S2: 56 kg × 4 reps (f),,
S2: 58 Kg × 3 Reps (f),,
S2: 58kg × 6 (failure i think struggled to re rack the weight),,
S2: 5kg × 10 reps (f),,
S2: 5kg × 20 reps,,
S2: 5kg × 31 sec,,
S2: 5kg × 5 reps (f),,
S2: 5kg × 7 reps (failure),,
S2: 5kg × 8 reps,,
S2: 5kg × 8 reps (f),,
S2: 5kg × 9 reps (f),,
S2: 6 Kg × 12 Reps (f) (DB),,
S2: 6 Kg × 4 Reps (f),,
S2: 6 kg × 5 reps (f),,
S2: 6 reps (f),,
S2: 6 reps (f) (had 2-3 min rest),,
S2: 6 reps (failure),,
S2: 60 Kg × 3 Reps (f),,
S2: 60 Kg × 4 Reps (f),,
"S2: 60 Kg × 4 Reps (f, with straps)",,
S2: 60 Kg × 5 Reps (f),,
"S2: 60 Kg × 5 Reps (f, with straps)",,
S2: 60 Kg × 6 Reps (f),,
"S2: 60 Kg × 6 Reps (f, with straps)",,
"S2: 60 Kg × 6 Reps (f, without straps)",,
"S2: 60 Kg × 7 Reps (f, with straps & belt)",,
"S2: 60 Kg × 7 Reps (f, with straps)",,
"S2: 60 Kg × 8 Reps (f, same as before)",,
S2: 60 Sec (ctf),,
S2: 60kg × 3 + 1 reps (f),,
S2: 60kg × 3 reps + partials (f),,
"S2: 60kg × 3 reps , 54kg × 4 reps",,
"S2: 60kg × 4 reps (close, form broke)",,
S2: 60kg × 8reps (note increase weight next time),,
S2: 62 Kg × 4 Reps (f),,
S2: 62 Kg × 5.5 Reps (f),,
S2: 62kg × 4 reps (f),,
S2: 64 Kg × 4 Reps (f),,
S2: 64 Kg × 5 Reps (f),,
S2: 64kg × 4 reps (f),,
"S2: 64kg × 4 reps (f, can't get up, used belt)",,
"S2: 64kg × 4 reps + 1 (f, with rest pause)",,
"S2: 65 Kg × 3 Reps (f, with straps)",,
S2: 66 Kg ×  3 Reps,,
S2: 66 Kg × 5 Reps (f),,
S2: 66 kg × 3 reps (f),,
S2: 66kg × 4 reps (f),,
S2: 68kg × 4 reps (f),,
S2: 7 reps (f),,
S2: 7.5  Kg × 10 Reps (f),,
S2: 7.5  Kg × 15 Reps (ctf),,
S2: 7.5 Kg × 10 Reps (f),,
S2: 7.5 Kg × 12 Reps (f),,
S2: 7.5 Kg × 14 Reps (f),,
S2: 7.5 Kg × 15  Reps,,
S2: 7.5 Kg × 15 Reps,,
S2: 7.5 Kg × 16 Reps (f),,
S2: 7.5 Kg × 17 Reps (f),,
S2: 7.5 Kg × 8 Reps,,
S2: 7.5 Kg × 8 Reps (f),,
S2: 7.5 Kg × 9 Reps (f),,
"S2: 7.5 kg × 15 reps (f, with rest pause)",,
S2: 7.5kg × 10 reps,,
S2: 7.5kg × 11 reps + 4 half reps (f),,
S2: 7.5kg × 13 reps (f),,
S2: 7.5kg × 14 reps (f),,
"S2: 7.5kg × 15 reps (f, rest pause)",,
S2: 70 Kg × 2 Reps (f),,
"S2: 70 Kg × 2 Reps (f, PR)",,
S2: 70 Kg × 4 Reps (f),,
"S2: 70 Kg × 6 Reps (f, last 2 assisted)",,
S2: 70 kg × 2 Reps (f),,
"S2: 70kg × 4 reps (f, with belt)",,
S2: 72  Kg × 4 Reps (f),,
S2: 72 Kg × 4 Reps (f),,
"S2: 72 Kg × 5 Reps (f, with belt)",,
S2: 72kg × 2 reps (f),,
"S2: 72kg × 4 reps (f, no belt)",,
"S2: 74 Kg × 4 Reps (f, with belt)",,
"S2: 74 kg × 2 reps (belt, f)",,
S2: 76 Kg × 3 Reps (f),,
"S2: 76 Kg × 3 Reps (f, with belt)",,
S2: 8 reps (f),,
S2: 8 reps + 2 knee (f),,
S2: 8 reps + 7 knee,,
S2: 8kg × 8 reps,,
S2: 9 reps (grip),,
S2: 90 Kg × 8 Reps,,
S2: 90kg × 3.5 reps (failure),,
S2: 90kg × 6 reps (form broke at 5),,
S2: 90kg × 8 reps (f),,
S2: BW × 2 reps (f),,
S2: BW × 3 Reps (f),,
S2: BW × 3 reps (f),,
S2: BW × 3.5 reps (f),,
S2: BW × 4 reps (f),,
S2: BW × 6 reps (f),,
S2: BW × 8 reps,,
S2: Kg ×  Reps (f),,
S2: same as before,,
S3:   Kg ×   Reps (skipped),,
S3:  15 Kg × 15 reps (f),,
S3:  15 Kg × 7 Reps (f),,
S3:  20 Kg × 3 Reps + 17.5kg × 3 reps (f),,
S3:  BW Kg × 6 Reps (f),,
S3: 10 Kg × 4 Reps (f),,
S3: 10 Kg × 7  Reps (f),,
S3: 10 kg × 15 Reps,,
S3: 10 × 5,,
S3: 100 kg × 10 sec hold,,
S3: 100kg × 18 sec hold (for grip),,
S3: 15  Kg × 11 Reps (single arm),,
S3: 15 Kg × 10 Reps (f),,
S3: 15 Kg × 5 Reps (f),,
S3: 15 Kg × 6 Reps (f),,
S3: 15 Kg × 7 Reps (f),,
S3: 2 Reps (f),,
S3: 2 reps,,
S3: 2 reps (f),,
S3: 2 reps (failure),,
S3: 20 Kg × 10 Reps (f),,
S3: 20 Kg × 12 Reps (f),,
S3: 20 Kg × 3 Reps (f),,
S3: 20 Kg × 4 Reps (f),,
S3: 20 Kg × 7 Reps (f),,
S3: 20 Kg × 9 Reps (f),,
S3: 20 kg × 7 reps (f),,
S3: 20 kg × 9 reps (f),,
S3: 20 kg× 3 kg,,
S3: 20 × 10 reps (f),,
S3: 20Kg × 15  Reps (f),,
S3: 21 Kg × 9 Reps (f),,
S3: 25 Kg ×  Reps (f),,
S3: 25 Kg × 7 Reps (f),,
S3: 25 kg × 2 reps (not good form),,
S3: 3 reps (f),,
S3: 30 Kg × 1 Rep (f),,
S3: 30 Kg × 3 Reps (f),,
S3: 30 Kg × 4 Reps (f),,
S3: 30 Kg × 8 Reps (f),,
"S3: 4 Reps (BW, f)",,
S3: 40 Kg × 7 Reps (f),,
S3: 40 Kg × 8 reps (ctf),,
S3: 40 kg × 5 Reps (f),,
S3: 40kg × 11 reps (f),,
S3: 45 kg × 7 reps (f),,
S3: 45kg × 6 reps (failure),,
S3: 45kg × 8 reps + partials (f),,
S3: 45kg × 9 reps (f),,
S3: 46 Kg × 12 Reps (f),,
S3: 5 Kg × 2 Reps (f),,
S3: 5 Kg × 3 Reps + 1 BW (f),,
S3: 5 Kg × 3 reps (f),,
S3: 50 Kg × 10  Reps (f),,
S3: 50 Kg × 10 Reps (f),,
S3: 50 Kg × 6 Reps (f),,
S3: 50kg × 10 reps (cardio failure),,
"S3: 50kg × 6 reps (f, without rest)",,
S3: 50kg × 8 reps (f),,
S3: 50kg × 9 reps (f),,
S3: 54kg × 7 reps (f),,
"S3: 55 kg  × 4 Reps (f, with straps)",,
"S3: 55 kg × 4 reps (f, with straps)",,
"S3: 55 kg × 5 reps (f, with straps)",,
"S3: 64 kg × 4 reps (no belt, no rest, f)",,
S3: 7.5 Kg  × 8 Reps (f),,
S3: 7.5 Kg × 10 reps (f),,
S3: 7.5 Kg × 13 + partials Reps (f),,
S3: 7.5 Kg × 15 reps (f),,
S3: 7.5 Kg × 9 reps (f),,
S3: 7.5 kg  × 14 reps (f),,
S3: 7.5 kg × 11 reps (f),,
S3: 7.5 kg × 15 reps (f),,
S3: 7.5 kg × 7 reps (f),,
"S3: 80 kg × 7 reps (f, grip, normal grip)",,
S3: BW × 2 Reps (f),,
S3: BW × 3 reps (f),,
S4: 15 kg × 2,,
"S4: 2 Reps (BW, f)",,
S4: 2 reps (f),,
"S4: 4 reps (f, with straps)",,
S4: 5 kg × 2 reps (f),,
S4: 5 × 3 Reps (f),,
S4: BW × 2 reps (f),,
S5: 10kg × 5,,
S6: 5 kg × 3 (f),,
Shoulders:,,
Super Set 1:,,
Super Set 2:,,
Super Set 4:,,
Superset 1:,,
Superset 2:,,
Superset 2:z,,
Superset 3:,,
Superset 4:,,
Superset 5:,,
Supported Leg Raise (Skipped),,
Thoracic Rotations / Trunk Rotations,,
Today Morning Session,,
Torso A (Chest focused),,
Torso B: (Back Focused),,
Weight including Bar,,
Weight: 70kg,,
cn - controlled negative,,
ctf - close to failure,,
f - failure,,
form good,,
gf - good form,,
have light cold can't workout properly,,
last set without rept,,
learning so stick with this for,,
mostly gultes not quads,,
pegion stretch,,
plate weight only,,
s2: 20kg × 6 reps (failure),,
weight with bar (10kg),,
will be super set with late pulldown of next time),,
without bar weight,,
—,,
